{
    "accuracy": 0.6922767497988737,
    "precision": 0.32490272373540857,
    "recall": 0.8246913580246914,
    "f1": 0.46615491974877876
}
