{
    "train_score": 0.5911229910551613,
    "val_score": 0.47569600164666664,
    "step": 19
}
