{
    "train_score": 0.5534468839617039,
    "val_score": 0.48231869099320235,
    "step": 19
}
