{
    "train_score": 0.4903372182479737,
    "val_score": 0.4744149554588077,
    "step": 19
}
