{
    "train_score": 0.5443303503343302,
    "val_score": 0.4820452293231738,
    "step": 19
}
