{
    "accuracy": 0.7674979887369268,
    "precision": 0.38035961272475793,
    "recall": 0.6790123456790124,
    "f1": 0.4875886524822695
}
