{
    "accuracy": 0.7546259050683829,
    "precision": 0.3717146433041302,
    "recall": 0.7333333333333333,
    "f1": 0.49335548172757476
}
