{
    "accuracy": 0.7409493161705552,
    "precision": 0.35515151515151516,
    "recall": 0.7234567901234568,
    "f1": 0.4764227642276423
}
