{
    "accuracy": 0.7831858407079646,
    "precision": 0.39596273291925466,
    "recall": 0.6296296296296297,
    "f1": 0.4861773117254528
}
