step	train_score
0	0.5867201426024955
1	0.5662354892205638
2	0.5758135724363934
3	0.5877287545305444
4	0.5922105054794766
5	0.5822949982569492
6	0.5832219871247187
7	0.5795227585473961
8	0.5723722862019696
9	0.5651175592754629
10	0.5572338710294221
11	0.5573502302750667
12	0.5516432289879211
13	0.5458226924113918
14	0.549834483963678
15	0.5536394408034322
16	0.5524400669603249
17	0.5590923587993297
18	0.5557491270493632
19	0.5534468839617039
