step	train_score
0	0.576358543417367
1	0.6343641447089723
2	0.5941254864331788
3	0.6201186031188227
4	0.6207944408434114
5	0.6116733421283962
6	0.618479644675351
7	0.6121839477247671
8	0.6059634524742104
9	0.6108830830277141
10	0.6075023869654637
11	0.6034362533710078
12	0.5984867835824894
13	0.5965222059361891
14	0.5981365454460734
15	0.5982087201730082
16	0.5951323769509501
17	0.5983207563103932
18	0.5913343841207175
19	0.5911229910551613
