step	train_score
0	0.615234521575985
1	0.5680469523823602
2	0.5269285873704976
3	0.5211111174986061
4	0.5088585655604481
5	0.5003417152211453
6	0.5101965900416383
7	0.5025535213094379
8	0.49501966189634505
9	0.49938963323787366
10	0.49503854407146186
11	0.49616147919129155
12	0.49120348408181796
13	0.4910418075389485
14	0.4926364080872637
15	0.4916897758183286
16	0.4913488441150018
17	0.49268501574602086
18	0.49074209236852384
19	0.4903372182479737
